temp_c,hyphal_rate
-5.0,0.08795448194919085,
-4.99,0.0880334127510661,
-4.98,0.08811239235774579,
-4.97,0.08819142077350771,
-4.96,0.0882704980025973,
-4.95,0.08834962404922662,
-4.94,0.08842879891757541,
-4.93,0.08850802261179011,
-4.92,0.08858729513598455,
-4.91,0.0886666164942393,
-4.9,0.08874598669060219,
-4.89,0.08882540572908808,
-4.88,0.08890487361367849,
-4.87,0.08898439034832195,
-4.86,0.08906395593693407,
-4.85,0.0891435703833972,
-4.84,0.08922323369156021,
-4.83,0.08930294586523922,
-4.82,0.08938270690821687,
-4.81,0.08946251682424235,
-4.8,0.08954237561703181,
-4.79,0.0896222832902678,
-4.78,0.08970223984759985,
-4.77,0.08978224529264363,
-4.76,0.08986229962898155,
-4.75,0.08994240286016256,
-4.74,0.09002255498970206,
-4.73,0.0901027560210818,
-4.72,0.09018300595775013,
-4.71,0.09026330480312167,
-4.7,0.09034365256057723,
-4.69,0.09042404923346424,
-4.68,0.09050449482509627,
-4.67,0.09058498933875292,
-4.66,0.09066553277768036,
-4.65,0.0907461251450907,
-4.64,0.09082676644416232,
-4.63,0.09090745667803957,
-4.62,0.09098819584983284,
-4.61,0.09106898396261892,
-4.6,0.09114982101944033,
-4.59,0.0912307070233055,
-4.58,0.09131164197718894,
-4.57,0.0913926258840311,
-4.56,0.09147365874673817,
-4.55,0.09155474056818222,
-4.54,0.09163587135120127,
-4.53,0.09171705109859914,
-4.52,0.09179827981314492,
-4.51,0.09187955749757404,
-4.5,0.09196088415458724,
-4.49,0.09204225978685104,
-4.48,0.0921236843969976,
-4.47,0.0922051579876244,
-4.46,0.0922866805612948,
-4.45,0.0923682521205374,
-4.44,0.09244987266784656,
-4.43,0.0925315422056819,
-4.42,0.09261326073646843,
-4.41,0.09269502826259664,
-4.4,0.0927768447864223,
-4.39,0.09285871031026656,
-4.38,0.09294062483641584,
-4.37,0.09302258836712167,
-4.36,0.0931046009046011,
-4.35,0.09318666245103603,
-4.34,0.09326877300857364,
-4.33,0.09335093257932632,
-4.32,0.09343314116537148,
-4.31,0.0935153987687515,
-4.3,0.0935977053914739,
-4.29,0.09368006103551108,
-4.28,0.09376246570280064,
-4.27,0.09384491939524467,
-4.26,0.09392742211471036,
-4.25,0.09400997386303007,
-4.24,0.0940925746420006,
-4.23,0.09417522445338346,
-4.22,0.0942579232989052,
-4.21,0.09434067118025713,
-4.2,0.09442346809909477,
-4.19,0.09450631405703902,
-4.18,0.09458920905567483,
-4.17,0.09467215309655194,
-4.16,0.09475514618118466,
-4.15,0.0948381883110518,
-4.14,0.09492127948759682,
-4.13,0.09500441971222737,
-4.12,0.0950876089863158,
-4.11,0.0951708473111985,
-4.1,0.09525413468817677,
-4.09,0.09533747111851568,
-4.08,0.09542085660344496,
-4.07,0.09550429114415844,
-4.06,0.0955877747418143,
-4.05,0.09567130739753482,
-4.04,0.09575488911240657,
-4.03,0.0958385198874802,
-4.02,0.09592219972377032,
-4.01,0.0960059286222558,
-4.0,0.0960897065838796,
-3.99,0.09617353360954857,
-3.98,0.09625740970013344,
-3.97,0.09634133485646904,
-3.96,0.09642530907935426,
-3.95,0.09650933236955143,
-3.94,0.09659340472778707,
-3.93,0.09667752615475164,
-3.92,0.09676169665109884,
-3.91,0.0968459162174466,
-3.9,0.0969301848543765,
-3.89,0.0970145025624337,
-3.88,0.09709886934212693,
-3.87,0.09718328519392876,
-3.86,0.09726775011827517,
-3.85,0.09735226411556597,
-3.84,0.09743682718616403,
-3.83,0.09752143933039624,
-3.82,0.0976061005485526,
-3.81,0.09769081084088656,
-3.8,0.0977755702076152,
-3.79,0.09786037864891874,
-3.78,0.0979452361649408,
-3.77,0.09803014275578838,
-3.76,0.0981150984215316,
-3.75,0.09820010316220386,
-3.74,0.09828515697780203,
-3.73,0.09837025986828582,
-3.72,0.09845541183357814,
-3.71,0.09854061287356508,
-3.7,0.0986258629880959,
-3.69,0.09871116217698273,
-3.68,0.09879651044000076,
-3.67,0.09888190777688832,
-3.66,0.09896735418734638,
-3.65,0.0990528496710392,
-3.64,0.09913839422759377,
-3.63,0.09922398785659978,
-3.62,0.09930963055760984,
-3.61,0.09939532233013952,
-3.6,0.0994810631736671,
-3.59,0.0995668530876333,
-3.58,0.09965269207144203,
-3.5700000000000003,0.0997385801244594,
-3.56,0.09982451724601432,
-3.55,0.09991050343539847,
-3.54,0.09999653869186588,
-3.53,0.10008262301463328,
-3.52,0.10016875640287982,
-3.51,0.1002549388557471,
-3.5,0.1003411703723392,
-3.49,0.1004274509517228,
-3.48,0.10051378059292664,
-3.47,0.10060015929494197,
-3.46,0.1006865870567225,
-3.45,0.10077306387718384,
-3.44,0.10085958975520434,
-3.43,0.10094616468962436,
-3.42,0.1010327886792463,
-3.41,0.10111946172283494,
-3.4,0.10120618381911704,
-3.39,0.10129295496678173,
-3.38,0.10137977516447977,
-3.37,0.1014666444108244,
-3.36,0.10155356270439077,
-3.35,0.10164053004371572,
-3.34,0.10172754642729837,
-3.33,0.10181461185359952,
-3.3200000000000003,0.10190172632104208,
-3.31,0.10198888982801063,
-3.3,0.1020761023728516,
-3.29,0.10216336395387332,
-3.28,0.10225067456934583,
-3.27,0.10233803421750083,
-3.26,0.10242544289653176,
-3.25,0.10251290060459382,
-3.24,0.1026004073398037,
-3.23,0.10268796310023973,
-3.22,0.10277556788394196,
-3.21,0.10286322168891164,
-3.2,0.10295092451311204,
-3.19,0.10303867635446756,
-3.18,0.10312647721086404,
-3.17,0.10321432708014887,
-3.16,0.1033022259601308,
-3.15,0.10339017384857987,
-3.14,0.10347817074322764,
-3.13,0.10356621664176688,
-3.12,0.10365431154185133,
-3.11,0.10374245544109634,
-3.1,0.10383064833707846,
-3.09,0.1039188902273353,
-3.08,0.10400718110936544,
-3.0700000000000003,0.10409552098062894,
-3.06,0.10418390983854668,
-3.05,0.10427234768050073,
-3.04,0.104360834503834,
-3.03,0.10444937030585076,
-3.02,0.10453795508381578,
-3.01,0.10462658883495504,
-3.0,0.10471527155645538,
-2.99,0.10480400324546472,
-2.98,0.10489278389909124,
-2.97,0.1049816135144046,
-2.96,0.10507049208843487,
-2.95,0.10515941961817277,
-2.94,0.10524839610056996,
-2.93,0.10533742153253893,
-2.92,0.10542649591095242,
-2.91,0.1055156192326442,
-2.9,0.10560479149440828,
-2.89,0.10569401269299963,
-2.88,0.10578328282513333,
-2.87,0.10587260188748523,
-2.86,0.1059619698766918,
-2.85,0.10605138678934968,
-2.84,0.10614085262201588,
-2.83,0.10623036737120814,
-2.82,0.10631993103340437,
-2.81,0.10640954360504258,
-2.8,0.10649920508252148,
-2.79,0.10658891546219988,
-2.78,0.10667867474039676,
-2.77,0.10676848291339154,
-2.76,0.10685833997742347,
-2.75,0.1069482459286921,
-2.74,0.1070382007633574,
-2.73,0.10712820447753901,
-2.72,0.10721825706731664,
-2.71,0.10730835852873057,
-2.7,0.10739850885778038,
-2.69,0.10748870805042594,
-2.68,0.10757895610258723,
-2.67,0.10766925301014398,
-2.66,0.10775959876893568,
-2.65,0.10784999337476177,
-2.64,0.10794043682338184,
-2.63,0.10803092911051444,
-2.62,0.10812147023183892,
-2.61,0.10821206018299376,
-2.6,0.10830269895957707,
-2.59,0.10839338655714698,
-2.58,0.1084841229712211,
-2.57,0.10857490819727662,
-2.56,0.10866574223075047,
-2.55,0.10875662506703897,
-2.54,0.10884755670149804,
-2.53,0.1089385371294432,
-2.52,0.10902956634614916,
-2.51,0.10912064434685048,
-2.5,0.10921177112674084,
-2.49,0.1093029466809734,
-2.48,0.10939417100466067,
-2.47,0.10948544409287446,
-2.46,0.10957676594064597,
-2.45,0.10966813654296552,
-2.44,0.10975955589478276,
-2.43,0.10985102399100646,
-2.42,0.10994254082650502,
-2.41,0.11003410639610528,
-2.4,0.1101257206945935,
-2.39,0.11021738371671556,
-2.38,0.1103090954571754,
-2.37,0.11040085591063686,
-2.36,0.11049266507172237,
-2.35,0.11058452293501364,
-2.34,0.11067642949505073,
-2.33,0.11076838474633337,
-2.32,0.11086038868331988,
-2.31,0.11095244130042707,
-2.3,0.11104454259203124,
-2.29,0.11113669255246704,
-2.28,0.11122889117602816,
-2.27,0.1113211384569669,
-2.26,0.11141343438949422,
-2.25,0.11150577896778008,
-2.24,0.11159817218595272,
-2.23,0.11169061403809924,
-2.22,0.11178310451826534,
-2.21,0.11187564362045532,
-2.2,0.11196823133863193,
-2.19,0.11206086766671647,
-2.18,0.11215355259858892,
-2.17,0.11224628612808746,
-2.16,0.1123390682490088,
-2.15,0.11243189895510816,
-2.14,0.11252477824009924,
-2.13,0.11261770609765362,
-2.12,0.11271068252140168,
-2.11,0.11280370750493192,
-2.1,0.11289678104179135,
-2.09,0.11298990312548472,
-2.08,0.11308307374947535,
-2.07,0.11317629290718485,
-2.06,0.1132695605919927,
-2.05,0.11336287679723665,
-2.04,0.11345624151621266,
-2.03,0.11354965474217453,
-2.02,0.11364311646833425,
-2.01,0.1137366266878618,
-2.0,0.11383018539388533,
-1.99,0.11392379257949076,
-1.98,0.11401744823772175,
-1.97,0.11411115236158033,
-1.96,0.11420490494402626,
-1.95,0.11429870597797688,
-1.94,0.1143925554563076,
-1.93,0.11448645337185173,
-1.92,0.11458039971740012,
-1.91,0.11467439448570152,
-1.9,0.11476843766946235,
-1.89,0.11486252926134677,
-1.88,0.11495666925397635,
-1.87,0.1150508576399306,
-1.86,0.11514509441174665,
-1.85,0.115239379561919,
-1.84,0.11533371308289984,
-1.83,0.11542809496709873,
-1.82,0.11552252520688301,
-1.81,0.11561700379457733,
-1.7999999999999998,0.11571153072246362,
-1.79,0.11580610598278154,
-1.7799999999999998,0.11590072956772815,
-1.77,0.11599540146945735,
-1.7599999999999998,0.11609012168008097,
-1.75,0.11618489019166801,
-1.7399999999999998,0.11627970699624465,
-1.73,0.11637457208579415,
-1.7199999999999998,0.11646948545225748,
-1.71,0.11656444708753247,
-1.6999999999999995,0.11665945698347405,
-1.69,0.1167545151318946,
-1.6799999999999995,0.1168496215245634,
-1.67,0.1169447761532069,
-1.66,0.11703997900950873,
-1.65,0.11713523008510927,
-1.64,0.11723052937160625,
-1.63,0.11732587686055415,
-1.62,0.11742127254346445,
-1.61,0.11751671641180575,
-1.6,0.11761220845700344,
-1.59,0.1177077486704396,
-1.58,0.11780333704345355,
-1.5699999999999998,0.1178989735673412,
-1.56,0.11799465823335513,
-1.5499999999999998,0.11809039103270508,
-1.54,0.11818617195655726,
-1.5299999999999998,0.11828200099603473,
-1.52,0.11837787814221702,
-1.5099999999999998,0.11847380338614075,
-1.5,0.1185697767187988,
-1.4899999999999998,0.118665798131141,
-1.48,0.1187618676140734,
-1.4699999999999998,0.11885798515845893,
-1.46,0.11895415075511698,
-1.4499999999999995,0.11905036439482332,
-1.44,0.11914662606831028,
-1.4299999999999995,0.11924293576626695,
-1.42,0.1193392934793383,
-1.41,0.11943569919812627,
-1.4,0.11953215291318882,
-1.39,0.11962865461504045,
-1.38,0.11972520429415175,
-1.37,0.11982180194095005,
-1.36,0.11991844754581857,
-1.35,0.1200151410990971,
-1.34,0.12011188259108135,
-1.33,0.12020867201202337,
-1.3199999999999998,0.12030550935213158,
-1.31,0.12040239460157025,
-1.2999999999999998,0.12049932775045995,
-1.29,0.1205963087888773,
-1.2799999999999998,0.12069333770685516,
-1.27,0.12079041449438215,
-1.2599999999999998,0.12088753914140316,
-1.25,0.12098471163781895,
-1.2399999999999998,0.1210819319734865,
-1.23,0.12117920013821837,
-1.2199999999999998,0.12127651612178328,
-1.21,0.12137387991390605,
-1.1999999999999995,0.12147129150426668,
-1.19,0.12156875088250182,
-1.1799999999999995,0.1216662580382036,
-1.17,0.1217638129609199,
-1.16,0.1218614156401544,
-1.15,0.1219590660653666,
-1.14,0.12205676422597182,
-1.13,0.12215451011134087,
-1.12,0.12225230371080036,
-1.11,0.12235014501363255,
-1.1,0.12244803400907535,
-1.09,0.12254597068632213,
-1.08,0.12264395503452195,
-1.0699999999999998,0.1227419870427796,
-1.06,0.12284006670015507,
-1.0499999999999998,0.122938193995664,
-1.04,0.12303636891827767,
-1.0299999999999998,0.12313459145692253,
-1.02,0.12323286160048058,
-1.0099999999999998,0.1233311793377893,
-1.0,0.12342954465764155,
-0.9900000000000002,0.12352795754878546,
-0.9799999999999996,0.12362641799992445,
-0.9699999999999998,0.12372492599971753,
-0.96,0.12382348153677862,
-0.9500000000000002,0.1239220845996771,
-0.9399999999999996,0.1240207351769376,
-0.9299999999999996,0.12411943325704004,
-0.92,0.1242181788284194,
-0.91,0.12431697187946562,
-0.9000000000000004,0.12441581239852414,
-0.8899999999999997,0.12451470037389548,
-0.8799999999999999,0.1246136357938352,
-0.8700000000000001,0.12471261864655366,
-0.8600000000000003,0.12481164892021662,
-0.8499999999999996,0.12491072660294472,
-0.8399999999999999,0.12500985168281356,
-0.8300000000000001,0.12510902414785394,
-0.8200000000000003,0.1252082439860513,
-0.8099999999999996,0.1253075111853461,
-0.7999999999999998,0.1254068257336338,
-0.79,0.1255061876187649,
-0.7800000000000002,0.12560559682854416,
-0.7699999999999996,0.12570505335073168,
-0.7599999999999998,0.12580455717304226,
-0.75,0.1259041082831457,
-0.7400000000000002,0.12600370666866595,
-0.7299999999999995,0.12610335231718225,
-0.7199999999999998,0.1262030452162285,
-0.71,0.12630278535329278,
-0.7000000000000002,0.12640257271581867,
-0.6899999999999995,0.12650240729120366,
-0.6799999999999997,0.12660228906680046,
-0.6699999999999999,0.12670221802991566,
-0.6600000000000001,0.12680219416781102,
-0.6499999999999995,0.1269022174677028,
-0.6399999999999997,0.12700228791676152,
-0.6299999999999999,0.12710240550211244,
-0.6200000000000001,0.12720257021083498,
-0.6100000000000003,0.1273027820299635,
-0.5999999999999996,0.12740304094648655,
-0.5899999999999999,0.1275033469473468,
-0.5800000000000001,0.12760370001944188,
-0.5700000000000003,0.1277041001496235,
-0.5599999999999996,0.12780454732469745,
-0.5499999999999998,0.1279050415314244,
-0.54,0.1280055827565189,
-0.5300000000000002,0.1281061709866499,
-0.5199999999999996,0.12820680620844074,
-0.5099999999999998,0.12830748840846878,
-0.5,0.12840821757326565,
-0.4900000000000002,0.12850899368931734,
-0.4799999999999995,0.12860981674306354,
-0.4699999999999998,0.12871068672089886,
-0.46,0.1288116036091713,
-0.4500000000000002,0.12891256739418314,
-0.4399999999999995,0.12901357806219108,
-0.4299999999999997,0.1291146355994056,
-0.4199999999999999,0.129215739991991,
-0.41000000000000014,0.12931689122606602,
-0.39999999999999947,0.1294180892877031,
-0.3899999999999997,0.12951933416292888,
-0.3799999999999999,0.12962062583772352,
-0.3700000000000001,0.12972196429802166,
-0.3600000000000003,0.12982334952971136,
-0.34999999999999964,0.12992478151863496,
-0.33999999999999986,0.13002626025058814,
-0.3300000000000001,0.13012778571132105,
-0.3200000000000003,0.13022935788653722,
-0.3099999999999996,0.130330976761894,
-0.2999999999999998,0.13043264232300258,
-0.29000000000000004,0.1305343545554279,
-0.28000000000000025,0.13063611344468862,
-0.2699999999999996,0.13073791897625733,
-0.2599999999999998,0.13083977113555975,
-0.25,0.13094166990797565,
-0.2400000000000002,0.1310436152788385,
-0.22999999999999954,0.13114560723343524,
-0.21999999999999972,0.1312476457570063,
-0.21,0.13134973083474602,
-0.20000000000000015,0.13145186245180185,
-0.1899999999999995,0.1315540405932751,
-0.17999999999999972,0.1316562652442205,
-0.16999999999999993,0.13175853638964635,
-0.16000000000000014,0.1318608540145142,
-0.14999999999999947,0.13196321810373934,
-0.13999999999999968,0.13206562864219004,
-0.1299999999999999,0.13216808561468854,
-0.1200000000000001,0.13227058900601005,
-0.11000000000000032,0.1323731388008834,
-0.09999999999999963,0.13247573498399048,
-0.08999999999999986,0.13257837753996654,
-0.08000000000000007,0.13268106645340072,
-0.07000000000000027,0.1327838017088346,
-0.05999999999999961,0.13288658329076347,
-0.049999999999999815,0.13298941118363575,
-0.040000000000000036,0.1330922853718532,
-0.03000000000000025,0.13319520583977046,
-0.01999999999999957,0.13329817257169582,
-0.009999999999999787,0.13340118555189048,
0.0,0.1335042447645685,
0.009999999999999787,0.13360735019389758,
0.020000000000000462,0.13371050182399827,
0.03000000000000025,0.1338136996389439,
0.040000000000000036,0.13391694362276144,
0.049999999999999815,0.13402023375943048,
0.0600000000000005,0.13412357003288364,
0.07000000000000027,0.13422695242700686,
0.08000000000000007,0.13433038092563854,
0.08999999999999986,0.1344338555125705,
0.10000000000000052,0.13453737617154735,
0.11000000000000032,0.13464094288626646,
0.1200000000000001,0.13474455564037816,
0.1299999999999999,0.13484821441748573,
0.13999999999999968,0.1349519192011454,
0.15000000000000036,0.13505566997486598,
0.16000000000000014,0.1351594667221092,
0.16999999999999993,0.13526330942628978,
0.17999999999999972,0.13536719807077485,
0.1900000000000004,0.13547113263888452,
0.20000000000000015,0.13557511311389156,
0.21,0.13567913947902166,
0.21999999999999972,0.1357832117174529,
0.23000000000000045,0.13588732981231627,
0.2400000000000002,0.1359914937466951,
0.25,0.13609570350362582,
0.2599999999999998,0.13619995906609714,
0.2700000000000005,0.13630426041705054,
0.28000000000000025,0.13640860753937994,
0.29000000000000004,0.13651300041593178,
0.2999999999999998,0.13661743902950546,
0.3100000000000005,0.13672192336285222,
0.3200000000000003,0.13682645339867647,
0.3300000000000001,0.13693102911963476,
0.33999999999999986,0.13703565050833594,
0.3500000000000005,0.13714031754734182,
0.3600000000000003,0.13724503021916612,
0.3700000000000001,0.13734978850627538,
0.3799999999999999,0.13745459239108807,
0.3899999999999997,0.13755944185597552,
0.4000000000000004,0.13766433688326124,
0.41000000000000014,0.13776927745522075,
0.4199999999999999,0.13787426355408228,
0.4299999999999997,0.13797929516202653,
0.4400000000000004,0.13808437226118578,
0.4500000000000002,0.1381894948336452,
0.46,0.1382946628614419,
0.4699999999999998,0.13839987632656525,
0.4800000000000004,0.13850513521095706,
0.4900000000000002,0.1386104394965108,
0.5,0.13871578916507285,
0.5099999999999998,0.13882118419844094,
0.5200000000000005,0.1389266245783656,
0.5300000000000002,0.13903211028654902,
0.54,0.1391376413046457,
0.5499999999999998,0.1392432176142623,
0.5600000000000005,0.13934883919695726,
0.5700000000000003,0.13945450603424125,
0.5800000000000001,0.13956021810757704,
0.5899999999999999,0.13966597539837905,
0.6000000000000005,0.13977177788801418,
0.6100000000000003,0.13987762555780092,
0.6200000000000001,0.13998351838901,
0.6299999999999999,0.14008945636286374,
0.6399999999999997,0.1401954394605367,
0.6500000000000004,0.1403014676631552,
0.6600000000000001,0.14040754095179742,
0.6699999999999999,0.14051365930749327,
0.6799999999999997,0.14061982271122506,
0.6900000000000004,0.1407260311439261,
0.7000000000000002,0.1408322845864824,
0.71,0.14093858301973095,
0.7199999999999998,0.141044926424461,
0.7300000000000004,0.1411513147814136,
0.7400000000000002,0.14125774807128122,
0.75,0.14136422627470827,
0.7599999999999998,0.14147074937229093,
0.7700000000000005,0.14157731734457685,
0.7800000000000002,0.1416839301720655,
0.79,0.1417905878352081,
0.7999999999999998,0.14189729031440726,
0.8100000000000005,0.14200403759001726,
0.8200000000000003,0.14211082964234448,
0.8300000000000001,0.14221766645164616,
0.8399999999999999,0.14232454799813152,
0.8500000000000005,0.14243147426196126,
0.8600000000000003,0.1425384452232477,
0.8700000000000001,0.14264546086205446,
0.8799999999999999,0.142752521158397,
0.8899999999999997,0.14285962609224215,
0.9000000000000004,0.14296677564350802,
0.91,0.1430739697920643,
0.92,0.14318120851773214,
0.9299999999999996,0.14328849180028422,
0.9400000000000004,0.14339581961944456,
0.9500000000000002,0.1435031919548886,
0.96,0.14361060878624282,
0.9699999999999998,0.14371807009308565,
0.9800000000000004,0.14382557585494646,
0.9900000000000002,0.14393312605130595,
1.0,0.14404072066159648,
1.0099999999999998,0.14414835966520134,
1.0200000000000005,0.14425604304145526,
1.0300000000000002,0.14436377076964407,
1.04,0.1444715428290053,
1.0499999999999998,0.14457935919872722,
1.0600000000000005,0.14468721985794952,
1.0700000000000005,0.14479512478576326,
1.08,0.1449030739612103,
1.09,0.14501106736328395,
1.1000000000000003,0.1451191049709288,
1.1100000000000003,0.14522718676304022,
1.12,0.1453353127184648,
1.13,0.14544348281600075,
1.1400000000000006,0.14555169703439666,
1.1500000000000004,0.14565995535235252,
1.16,0.1457682577485194,
1.17,0.14587660420149942,
1.1799999999999995,0.14598499468984585,
1.1900000000000004,0.14609342919206267,
1.2000000000000002,0.1462019076866052,
1.21,0.14631043015187942,
1.2199999999999998,0.14641899656624266,
1.2300000000000004,0.14652760690800307,
1.2400000000000002,0.1466362611554194,
1.25,0.14674495928670192,
1.2599999999999998,0.14685370128001146,
1.2700000000000005,0.14696248711345988,
1.2800000000000002,0.14707131676510968,
1.29,0.14718019021297468,
1.2999999999999998,0.14728910743501938,
1.3100000000000005,0.14739806840915876,
1.3200000000000005,0.1475070731132592,
1.33,0.14761612152513767,
1.34,0.14772521362256166,
1.3500000000000003,0.14783434938324996,
1.3600000000000003,0.1479435287848716,
1.37,0.14805275180504712,
1.38,0.1481620184213469,
1.3900000000000006,0.1482713286112928,
1.4000000000000004,0.14838068235235707,
1.41,0.14849007962196248,
1.42,0.14859952039748278,
1.4299999999999995,0.14870900465624268,
1.4400000000000004,0.14881853237551676,
1.4500000000000002,0.14892810353253094,
1.46,0.1490377181044615,
1.4699999999999998,0.14914737606843534,
1.4800000000000004,0.14925707740153,
1.4900000000000002,0.1493668220807738,
1.5,0.1494766100831453,
1.5099999999999998,0.14958644138557387,
1.5200000000000005,0.14969631596493946,
1.5300000000000002,0.1498062337980724,
1.54,0.14991619486175364,
1.5499999999999998,0.15002619913271473,
1.5600000000000005,0.15013624658763744,
1.5700000000000005,0.15024633720315458,
1.58,0.15035647095584875,
1.59,0.1504666478222536,
1.6000000000000003,0.15057686777885287,
1.6100000000000003,0.15068713080208085,
1.62,0.15079743686832245,
1.63,0.15090778595391266,
1.6400000000000006,0.15101817803513706,
1.6500000000000004,0.15112861308823158,
1.66,0.15123909108938272,
1.67,0.15134961201472685,
1.6799999999999995,0.15146017584035146,
1.6900000000000004,0.15157078254229364,
1.7000000000000002,0.15168143209654106,
1.71,0.15179212447903187,
1.7199999999999998,0.15190285966565448,
1.7300000000000004,0.1520136376322473,
1.7400000000000002,0.15212445835459962,
1.75,0.15223532180845015,
1.7599999999999998,0.15234622796948868,
1.7700000000000005,0.15245717681335458,
1.7800000000000002,0.15256816831563816,
1.79,0.1526792024518792,
1.7999999999999998,0.1527902791975682,
1.8100000000000005,0.1529013985281457,
1.8200000000000005,0.1530125604190023,
1.83,0.1531237648454791,
1.84,0.15323501178286705,
1.8500000000000003,0.15334630120640724,
1.8600000000000003,0.15345763309129115,
1.87,0.15356900741266033,
1.88,0.15368042414560626,
1.8900000000000008,0.15379188326517074,
1.9000000000000004,0.15390338474634546,
1.91,0.15401492856407215,
1.92,0.15412651469324304,
1.93,0.1542381431087001,
1.9400000000000004,0.15434981378523532,
1.95,0.1544615266975907,
1.96,0.15457328182045846,
1.97,0.1546850791284808,
1.9800000000000004,0.1547969185962498,
1.99,0.15490880019830755,
2.0,0.1550207239091463,
2.01,0.1551326897032081,
2.0200000000000005,0.15524469755488493,
2.03,0.15535674743851882,
2.04,0.1554688393284019,
2.05,0.15558097319877592,
2.0600000000000005,0.15569314902383266,
2.0700000000000003,0.15580536677771398,
2.08,0.15591762643451146,
2.09,0.15602992796826645,
2.1000000000000005,0.1561422713529705,
2.1100000000000003,0.15625465656256496,
2.12,0.15636708357094084,
2.13,0.15647955235193906,
2.140000000000001,0.15659206287935065,
2.1500000000000004,0.1567046151269161,
2.16,0.15681720906832586,
2.17,0.15692984467722024,
2.18,0.15704252192718945,
2.1900000000000004,0.15715524079177326,
2.2,0.15726800124446128,
2.21,0.1573808032586931,
2.22,0.1574936468078578,
2.2300000000000004,0.15760653186529433,
2.24,0.1577194584042915,
2.25,0.15783242639808748,
2.26,0.15794543581987086,
2.2700000000000005,0.15805848664277905,
2.28,0.15817157883989993,
2.29,0.15828471238427055,
2.3,0.15839788724887824,
2.3100000000000005,0.15851110340665928,
2.3200000000000003,0.15862436083050024,
2.33,0.15873765949323695,
2.34,0.1588509993676551,
2.3500000000000005,0.15896438042649008,
2.3600000000000003,0.1590778026424267,
2.37,0.15919126598809952,
2.38,0.1593047704360928,
2.390000000000001,0.1594183159589402,
2.4000000000000004,0.15953190252912516,
2.41,0.1596455301190806,
2.42,0.15975919870118924,
2.43,0.15987290824778316,
2.4400000000000004,0.1599866587311439,
2.45,0.16010045012350302,
2.46,0.16021428239704116,
2.47,0.16032815552388854,
2.4800000000000004,0.16044206947612555,
2.49,0.16055602422578127,
2.5,0.16067001974483472,
2.51,0.16078405600521434,
2.5200000000000005,0.16089813297879824,
2.53,0.16101225063741367,
2.54,0.161126408952838,
2.55,0.1612406078967972,
2.5600000000000005,0.16135484744096756,
2.5700000000000003,0.1614691275569743,
2.58,0.16158344821639226,
2.59,0.16169780939074588,
2.6000000000000005,0.16181221105150884,
2.6100000000000003,0.16192665317010424,
2.62,0.1620411357179049,
2.63,0.16215565866623258,
2.640000000000001,0.16227022198635904,
2.6500000000000004,0.16238482564950513,
2.66,0.16249946962684084,
2.67,0.16261415388948613,
2.68,0.16272887840850994,
2.6900000000000004,0.16284364315493086,
2.7,0.16295844809971655,
2.71,0.1630732932137842,
2.72,0.16318817846800035,
2.7300000000000004,0.1633031038331811,
2.74,0.16341806928009156,
2.75,0.16353307477944629,
2.76,0.1636481203019094,
2.7700000000000005,0.16376320581809387,
2.78,0.16387833129856272,
2.79,0.16399349671382746,
2.8,0.16410870203434955,
2.8100000000000005,0.1642239472305394,
2.8200000000000003,0.16433923227275687,
2.83,0.1644545571313112,
2.84,0.1645699217764605,
2.8500000000000005,0.16468532617841292,
2.8600000000000003,0.16480077030732498,
2.87,0.16491625413330324,
2.88,0.16503177762640306,
2.890000000000001,0.16514734075662915,
2.9000000000000004,0.16526294349393575,
2.91,0.16537858580822593,
2.92,0.16549426766935207,
2.9300000000000006,0.16560998904711635,
2.9400000000000004,0.16572574991126948,
2.95,0.16584155023151165,
2.96,0.16595738997749232,
2.97,0.16607326911881026,
2.9800000000000004,0.166189187625013,
2.99,0.16630514546559808,
3.0,0.16642114261001134,
3.01,0.16653717902764856,
3.02,0.1666532546878542,
3.03,0.1667693695599221,
3.0400000000000014,0.16688552361309544,
3.0500000000000007,0.16700171681656634,
3.0600000000000005,0.16711794913947609,
3.0700000000000003,0.16723422055091544,
3.08,0.16735053101992392,
3.09,0.16746688051549044,
3.1,0.16758326900655302,
3.1099999999999994,0.16769969646199878,
3.120000000000001,0.1678161628506644,
3.1300000000000012,0.1679326681413349,
3.140000000000001,0.16804921230274497,
3.1500000000000004,0.16816579530357864,
3.16,0.1682824171124685,
3.17,0.16839907769799675,
3.18,0.16851577702869425,
3.1899999999999995,0.16863251507304164,
3.1999999999999997,0.16874929179946785,
3.2100000000000013,0.1688661071763515,
3.2200000000000006,0.1689829611720203,
3.2300000000000004,0.16909985375475084,
3.24,0.16921678489276884,
3.25,0.16933375455424934,
3.26,0.1694507627073164,
3.27,0.16956780932004256,
3.28,0.1696848943604506,
3.2900000000000014,0.16980201779651144,
3.3000000000000007,0.1699191795961454,
3.3100000000000005,0.17003637972722194,
3.3200000000000003,0.1701536181575597,
3.33,0.17027089485492597,
3.34,0.17038820978703764,
3.35,0.17050556292156002,
3.3599999999999994,0.1706229542261082,
3.370000000000001,0.17074038366824584,
3.3800000000000012,0.17085785121548594,
3.390000000000001,0.17097535683529033,
3.4000000000000004,0.17109290049506995,
3.41,0.17121048216218485,
3.42,0.17132810180394412,
3.43,0.17144575938760606,
3.4399999999999995,0.17156345488037775,
3.4499999999999997,0.17168118824941522,
3.4600000000000013,0.171798959461824,
3.4700000000000006,0.1719167684846582,
3.4800000000000004,0.17203461528492134,
3.49,0.17215249982956551,
3.5,0.17227042208549234,
3.51,0.17238838201955234,
3.52,0.17250637959854462,
3.53,0.1726244147892178,
3.5400000000000014,0.17274248755826976,
3.5500000000000007,0.1728605978723465,
3.5600000000000005,0.1729787456980438,
3.5700000000000003,0.1730969310019065,
3.58,0.17321515375042776,
3.59,0.1733334139100504,
3.6,0.17345171144716612,
3.61,0.17357004632811546,
3.620000000000001,0.1736884185191882,
3.6300000000000012,0.17380682798662278,
3.640000000000001,0.17392527469660732,
3.65,0.17404375861527807,
3.66,0.17416227970872086,
3.67,0.1742808379429706,
3.68,0.17439943328401109,
3.69,0.17451806569777462,
3.700000000000001,0.1746367351501434,
3.7100000000000013,0.1747554416069479,
3.7200000000000006,0.17487418503396798,
3.73,0.1749929653969325,
3.74,0.17511178266151914,
3.75,0.17523063679335465,
3.76,0.17534952775801485,
3.77,0.17546845552102466,
3.78,0.17558742004785774,
3.7900000000000014,0.17570642130393702,
3.8000000000000007,0.17582545925463405,
3.810000000000001,0.17594453386526993,
3.82,0.1760636451011143,
3.83,0.1761827929273862,
3.84,0.17630197730925312,
3.85,0.17642119821183225,
3.86,0.17654045560018938,
3.870000000000001,0.1766597494393392,
3.8800000000000012,0.1767790796942455,
3.890000000000001,0.17689844632982155,
3.9,0.17701784931092873,
3.91,0.17713728860237835,
3.92,0.17725676416893005,
3.93,0.17737627597529282,
3.94,0.17749582398612465,
3.950000000000001,0.17761540816603244,
3.9600000000000013,0.17773502847957204,
3.9700000000000006,0.1778546848912486,
3.98,0.17797437736551594,
3.99,0.1780941058667771,
4.0,0.17821387035938405,
4.01,0.17833367080763804,
4.02,0.1784535071757889,
4.0299999999999985,0.17857337942803578,
4.040000000000001,0.17869328752852692,
4.050000000000002,0.1788132314413593,
4.0600000000000005,0.1789332111305791,
4.07,0.1790532265601815,
4.08,0.1791732776941109,
4.09,0.17929336449626038,
4.1,0.1794134869304722,
4.1099999999999985,0.17953364496053795,
4.120000000000001,0.1796538385501978,
4.130000000000001,0.1797740676631411,
4.1400000000000015,0.17989433226300647,
4.15,0.18001463231338138,
4.16,0.18013496777780236,
4.17,0.18025533861975496,
4.18,0.180375744802674,
4.19,0.18049618628994307,
4.200000000000001,0.18061666304489488,
4.210000000000001,0.18073717503081152,
4.2200000000000015,0.18085772221092364,
4.23,0.1809783045484111,
4.24,0.1810989220064034,
4.25,0.18121957454797816,
4.26,0.1813402621361629,
4.27,0.18146098473393385,
4.2799999999999985,0.1815817423042161,
4.290000000000001,0.18170253480988427,
4.300000000000002,0.18182336221376186,
4.3100000000000005,0.1819442244786214,
4.32,0.1820651215671848,
4.33,0.1821860534421227,
4.34,0.18230702006605495,
4.35,0.1824280214015508,
4.3599999999999985,0.18254905741112804,
4.370000000000001,0.18267012805725427,
4.380000000000001,0.18279123330234548,
4.3900000000000015,0.1829123731087674,
4.4,0.1830335474388345,
4.41,0.18315475625481045,
4.42,0.1832759995189084,
4.43,0.18339727719328985,
4.44,0.1835185892400665,
4.450000000000001,0.18363993562129816,
4.460000000000001,0.1837613162989945,
4.4700000000000015,0.1838827312351141,
4.48,0.1840041803915645,
4.49,0.18412566373020275,
4.5,0.18424718121283512,
4.51,0.1843687328012165,
4.52,0.18449031845705136,
4.5299999999999985,0.18461193814199356,
4.540000000000001,0.1847335918176456,
4.550000000000002,0.1848552794455596,
4.5600000000000005,0.1849770009872368,
4.57,0.1850987564041274,
4.58,0.18522054565763105,
4.59,0.18534236870909665,
4.6,0.18546422551982186,
4.6099999999999985,0.1855861160510543,
4.620000000000001,0.18570804026399046,
4.630000000000001,0.1858299981197756,
4.6400000000000015,0.1859519895795052,
4.65,0.18607401460422288,
4.66,0.18619607315492231,
4.67,0.18631816519254632,
4.68,0.18644029067798668,
4.69,0.18656244957208454,
4.700000000000001,0.18668464183563055,
4.710000000000001,0.1868068674293644,
4.7200000000000015,0.18692912631397507,
4.73,0.18705141845010104,
4.74,0.1871737437983298,
4.75,0.18729610231919827,
4.76,0.1874184939731927,
4.77,0.18754091872074885,
4.7799999999999985,0.1876633765222512,
4.790000000000001,0.1877858673380345,
4.800000000000002,0.18790839112838198,
4.8100000000000005,0.1880309478535264,
4.82,0.18815353747365046,
4.83,0.1882761599488852,
4.84,0.18839881523931176,
4.85,0.1885215033049607,
4.8599999999999985,0.18864422410581166,
4.870000000000001,0.18876697760179356,
4.880000000000001,0.18888976375278496,
4.8900000000000015,0.1890125825186139,
4.9,0.18913543385905726,
4.91,0.18925831773384214,
4.92,0.18938123410264449,
4.93,0.1895041829250897,
4.94,0.1896271641607531,
4.950000000000001,0.18975017776915884,
4.960000000000001,0.18987322370978085,
4.9700000000000015,0.18999630194204264,
4.98,0.19011941242531655,
4.99,0.1902425551189254,
5.0,0.19036572998214052,
5.01,0.19048893697418354,
5.02,0.19061217605422487,
5.0299999999999985,0.1907354471813849,
5.040000000000001,0.19085875031473346,
5.050000000000002,0.1909820854132897,
5.0600000000000005,0.1911054524360224,
5.07,0.19122885134185,
5.08,0.1913522820896404,
5.09,0.19147574463821115,
5.1,0.19159923894632905,
5.1099999999999985,0.19172276497271076,
5.120000000000001,0.19184632267602256,
5.130000000000001,0.19196991201488028,
5.1400000000000015,0.19209353294784925,
5.15,0.1922171854334444,
5.16,0.19234086943013007,
5.17,0.192464584896321,
5.18,0.19258833179038065,
5.19,0.19271211007062272,
5.200000000000001,0.1928359196953104,
5.210000000000001,0.19295976062265646,
5.2200000000000015,0.1930836328108232,
5.23,0.1932075362179232,
5.24,0.19333147080201804,
5.25,0.19345543652111952,
5.26,0.1935794333331888,
5.27,0.1937034611961369,
5.2799999999999985,0.1938275200678247,
5.290000000000001,0.19395160990606253,
5.300000000000002,0.19407573066861067,
5.3100000000000005,0.19419988231317914,
5.32,0.1943240647974276,
5.33,0.194448278078966,
5.34,0.1945725221153533,
5.35,0.194696796864099,
5.3599999999999985,0.1948211022826618,
5.370000000000001,0.19494543832845052,
5.380000000000001,0.1950698049588239,
5.3900000000000015,0.19519420213109046,
5.4,0.1953186298025084,
5.41,0.1954430879302859,
5.42,0.19556757647158107,
5.43,0.19569209538350207,
5.44,0.19581664462310655,
5.450000000000001,0.1959412241474024,
5.460000000000001,0.19606583391334734,
5.4700000000000015,0.1961904738778492,
5.48,0.1963151439977648,
5.49,0.1964398442299025,
5.5,0.1965645745310195,
5.51,0.1966893348578232,
5.52,0.1968141251669711,
5.5299999999999985,0.19693894541507087,
5.540000000000001,0.19706379555867976,
5.550000000000002,0.1971886755543054,
5.5600000000000005,0.19731358535840535,
5.57,0.19743852492738725,
5.58,0.19756349421760847,
5.59,0.19768849318537704,
5.6,0.1978135217869508,
5.6099999999999985,0.1979385799785375,
5.620000000000001,0.1980636677162952,
5.630000000000001,0.19818878495633213,
5.6400000000000015,0.19831393165470634,
5.65,0.1984391077674267,
5.66,0.19856431325045132,
5.67,0.1986895480596893,
5.68,0.1988148121509994,
5.69,0.19894010548019075,
5.700000000000001,0.19906542800302293,
5.710000000000001,0.1991907796752053,
5.7200000000000015,0.1993161604523976,
5.73,0.19944157029020998,
5.74,0.19956700914420292,
5.75,0.1996924769698868,
5.76,0.19981797372272275,
5.77,0.1999434993581216,
5.7799999999999985,0.2000690538314451,
5.790000000000001,0.20019463709800495,
5.800000000000002,0.2003202491130636,
5.8100000000000005,0.20044588983183306,
5.82,0.20057155920947686,
5.83,0.20069725720110765,
5.84,0.2008229837617896,
5.85,0.2009487388465364,
5.8599999999999985,0.20107452241031296,
5.870000000000001,0.20120033440803387,
5.880000000000001,0.2013261747945648,
5.8900000000000015,0.20145204352472149,
5.9,0.2015779405532704,
5.91,0.20170386583492805,
5.92,0.20182981932436211,
5.93,0.2019558009761904,
5.94,0.20208181074498135,
5.950000000000001,0.20220784858525392,
5.960000000000001,0.2023339144514775,
5.9700000000000015,0.20246000829807229,
5.98,0.2025861300794092,
5.99,0.2027122797498093,
6.0,0.2028384572635446,
6.01,0.20296466257483786,
6.02,0.2030908956378622,
6.0299999999999985,0.20321715640674148,
6.040000000000001,0.20334344483555056,
6.050000000000002,0.20346976087831434,
6.0600000000000005,0.20359610448900928,
6.07,0.2037224756215619,
6.08,0.20384887422985,
6.09,0.2039753002677015,
6.1,0.20410175368889566,
6.1099999999999985,0.20422823444716234,
6.120000000000001,0.20435474249618205,
6.130000000000001,0.20448127778958647,
6.1400000000000015,0.20460784028095805,
6.15,0.2047344299238296,
6.16,0.20486104667168556,
6.17,0.20498769047796064,
6.18,0.20511436129604105,
6.19,0.2052410590792633,
6.200000000000001,0.2053677837809151,
6.210000000000001,0.20549453535423529,
6.2200000000000015,0.2056213137524136,
6.23,0.20574811892859046,
6.24,0.2058749508358578,
6.25,0.20600180942725807,
6.26,0.2061286946557852,
6.27,0.2062556064743839,
6.2799999999999985,0.20638254483595012,
6.290000000000001,0.2065095096933305,
6.300000000000002,0.20663650099932349,
6.3100000000000005,0.2067635187066782,
6.32,0.20689056276809467,
6.33,0.20701763313622468,
6.34,0.2071447297636708,
6.35,0.2072718526029868,
6.3599999999999985,0.207399001606678,
6.370000000000001,0.20752617672720047,
6.380000000000001,0.20765337791696176,
6.3900000000000015,0.2077806051283209,
6.4,0.20790785831358785,
6.41,0.20803513742502386,
6.42,0.20816244241484172,
6.43,0.20828977323520576,
6.44,0.20841712983823105,
6.450000000000001,0.20854451217598444,
6.460000000000001,0.2086719202004843,
6.4700000000000015,0.2087993538637,
6.48,0.20892681311755248,
6.49,0.20905429791391425,
6.5,0.20918180820460947,
6.51,0.20930934394141326,
6.52,0.2094369050760527,
6.5299999999999985,0.2095644915602059,
6.540000000000001,0.2096921033455032,
6.550000000000002,0.20981974038352585,
6.5600000000000005,0.2099474026258072,
6.57,0.21007509002383154,
6.58,0.21020280252903573,
6.59,0.2103305400928072,
6.6,0.2104583026664858,
6.6099999999999985,0.2105860902013625,
6.620000000000001,0.21071390264868087,
6.630000000000001,0.21084173995963496,
6.6400000000000015,0.2109696020853715,
6.65,0.2110974889769885,
6.66,0.21122540058553604,
6.67,0.2113533368620155,
6.68,0.2114812977573807,
6.69,0.2116092832225371,
6.700000000000001,0.21173729320834145,
6.710000000000001,0.2118653276656032,
6.7200000000000015,0.2119933865450831,
6.73,0.21212146979749408,
6.74,0.2122495773735011,
6.75,0.21237770922372068,
6.76,0.2125058652987216,
6.77,0.21263404554902468,
6.7799999999999985,0.21276224992510254,
6.790000000000001,0.21289047837737987,
6.800000000000002,0.21301873085623355,
6.8100000000000005,0.21314700731199251,
6.82,0.21327530769493772,
6.83,0.21340363195530213,
6.84,0.21353198004327129,
6.85,0.2136603519089822,
6.8599999999999985,0.2137887475025246,
6.870000000000001,0.21391716677394015,
6.880000000000001,0.21404560967322311,
6.8900000000000015,0.21417407615031947,
6.9,0.2143025661551277,
6.91,0.21443107963749874,
6.92,0.2145596165472356,
6.93,0.2146881768340936,
6.94,0.21481676044778067,
6.950000000000001,0.21494536733795655,
6.960000000000001,0.2150739974542343,
6.9700000000000015,0.21520265074617875,
6.98,0.21533132716330705,
6.99,0.21546002665508887,
7.0,0.21558874917094692,
7.01,0.21571749466025608,
7.02,0.21584626307234345,
7.030000000000001,0.21597505435648892,
7.040000000000001,0.2161038684619252,
7.050000000000002,0.2162327053378369,
7.0600000000000005,0.21636156493336212,
7.07,0.216490447197591,
7.08,0.2166193520795667,
7.09,0.2167482795282845,
7.1,0.21687722949269325,
7.1099999999999985,0.2170062019216936,
7.120000000000001,0.21713519676413973,
7.130000000000001,0.21726421396883813,
7.1400000000000015,0.2173932534845481,
7.15,0.2175223152599822,
7.16,0.21765139924380505,
7.17,0.2177805053846351,
7.18,0.21790963363104307,
7.19,0.21803878393155265,
7.200000000000001,0.21816795623464047,
7.210000000000001,0.21829715048873624,
7.2200000000000015,0.21842636664222284,
7.23,0.21855560464343549,
7.24,0.21868486444066326,
7.25,0.21881414598214807,
7.26,0.2189434492160844,
7.27,0.21907277409062026,
7.280000000000001,0.2192021205538567,
7.290000000000001,0.21933148855384815,
7.300000000000002,0.2194608780386019,
7.31,0.2195902889560785,
7.32,0.21971972125419184,
7.33,0.2198491748808092,
7.34,0.21997864978375065,
7.35,0.22010814591079,
7.3599999999999985,0.2202376632096544,
7.370000000000001,0.22036720162802406,
7.380000000000001,0.22049676111353256,
7.3900000000000015,0.2206263416137674,
7.4,0.22075594307626864,
7.41,0.22088556544853072,
7.42,0.22101520867800112,
7.43,0.2211448727120806,
7.439999999999999,0.22127455749812355,
7.450000000000001,0.2214042629834385,
7.460000000000001,0.22153398911528652,
7.4700000000000015,0.2216637358408834,
7.48,0.22179350310739768,
7.49,0.2219232908619521,
7.5,0.2220530990516225,
7.51,0.2221829276234392,
7.52,0.22231277652438566,
7.530000000000001,0.2224426457013994,
7.540000000000001,0.22257253510137145,
7.550000000000002,0.2227024446711469,
7.56,0.22283237435752445,
7.57,0.22296232410725708,
7.58,0.22309229386705115,
7.59,0.2232222835835672,
7.6,0.22335229320341984,
7.6099999999999985,0.22348232267317725,
7.620000000000001,0.2236123719393619,
7.630000000000001,0.2237424409484502,
7.6400000000000015,0.2238725296468728,
7.65,0.22400263798101414,
7.66,0.2241327658972128,
7.67,0.22426291334176174,
7.68,0.22439308026090785,
7.689999999999999,0.22452326660085206,
7.700000000000001,0.22465347230775004,
7.710000000000001,0.22478369732771086,
7.7200000000000015,0.22491394160679898,
7.73,0.22504420509103235,
7.74,0.225174487726383,
7.75,0.22530478945877824,
7.76,0.2254351102340992,
7.77,0.22556544999818104,
7.780000000000001,0.22569580869681424,
7.790000000000001,0.22582618627574302,
7.800000000000002,0.2259565826806664,
7.81,0.22608699785723796,
7.82,0.2262174317510656,
7.83,0.2263478843077118,
7.84,0.2264783554726941,
7.85,0.22660884519148386,
7.8599999999999985,0.22673935340950796,
7.870000000000001,0.2268698800721475,
7.880000000000001,0.227000425124738,
7.8900000000000015,0.22713098851257044,
7.9,0.2272615701808903,
7.91,0.22739217007489726,
7.92,0.2275227881397468,
7.93,0.2276534243205485,
7.939999999999999,0.22778407856236746,
7.950000000000001,0.2279147508102228,
7.960000000000001,0.2280454410090897,
7.9700000000000015,0.22817614910389755,
7.98,0.2283068750395307,
7.99,0.2284376187608291,
8.0,0.2285683802125873,
8.01,0.2286991593395552,
8.02,0.2288299560864373,
8.030000000000001,0.22896077039789434,
8.040000000000001,0.2290916022185409,
8.05,0.2292224514929475,
8.06,0.2293533181656402,
8.07,0.22948420218109966,
8.08,0.2296151034837623,
8.09,0.22974602201801936,
8.1,0.2298769577282183,
8.11,0.2300079105586609,
8.120000000000001,0.2301388804536053,
8.13,0.23026986735726435,
8.14,0.23040087121380726,
8.15,0.2305318919673575,
8.16,0.2306629295619954,
8.17,0.230793983941756,
8.18,0.23092505505063016,
8.19,0.23105614283256465,
8.200000000000001,0.2311872472314615,
8.21,0.23131836819117854,
8.22,0.2314495056555297,
8.23,0.2315806595682841,
8.24,0.2317118298731667,
8.25,0.2318430165138592,
8.26,0.2319742194339979,
8.27,0.23210543857717544,
8.280000000000001,0.232236673886941,
8.290000000000001,0.23236792530679884,
8.3,0.2324991927802093,
8.31,0.23263047625058936,
8.32,0.23276177566131165,
8.33,0.2328930909557046,
8.34,0.2330244220770529,
8.35,0.2331557689685981,
8.36,0.23328713157353664,
8.370000000000001,0.2334185098350222,
8.38,0.2335499036961642,
8.39,0.2336813131000286,
8.4,0.2338127379896371,
8.41,0.2339441783079688,
8.42,0.2340756339979578,
8.43,0.2342071050024956,
8.44,0.2343385912644299,
8.450000000000001,0.2344700927265647,
8.46,0.2346016093316607,
8.47,0.23473314102243475,
8.48,0.23486468774156066,
8.49,0.2349962494316685,
8.5,0.23512782603534535,
8.51,0.23525941749513504,
8.52,0.23539102375353715,
8.530000000000001,0.2355226447530089,
8.540000000000001,0.2356542804359642,
8.55,0.2357859307447733,
8.56,0.2359175956217636,
8.57,0.23604927500921946,
8.58,0.2361809688493817,
8.59,0.2363126770844484,
8.6,0.23644439965657466,
8.61,0.23657613650787204,
8.620000000000001,0.23670788758041006,
8.63,0.2368396528162146,
8.64,0.2369714321572687,
8.65,0.2371032255455125,
8.66,0.23723503292284365,
8.67,0.2373668542311166,
8.68,0.23749868941214355,
8.69,0.2376305384076933,
8.700000000000001,0.23776240115949265,
8.71,0.2378942776092251,
8.72,0.23802616769853144,
8.73,0.23815807136901104,
8.74,0.2382899885622192,
8.75,0.2384219192196698,
8.76,0.2385538632828336,
8.77,0.2386858206931393,
8.780000000000001,0.2388177913919727,
8.790000000000001,0.238949775320678,
8.8,0.23908177242055603,
8.81,0.23921378263286602,
8.82,0.2393458058988249,
8.83,0.23947784215960716,
8.84,0.23960989135634514,
8.85,0.23974195343012866,
8.86,0.23987402832200644,
8.870000000000003,0.24000611597298366,
8.88,0.2401382163240244,
8.89,0.2402703293160507,
8.9,0.2404024548899424,
8.91,0.24053459298653695,
8.92,0.2406667435466308,
8.93,0.2407989065109777,
8.94,0.2409310818202898,
8.950000000000003,0.2410632694152379,
8.96,0.24119546923645035,
8.97,0.24132768122451398,
8.98,0.2414599053199741,
8.99,0.2415921414633343,
9.0,0.2417243895950564,
9.01,0.24185664965556086,
9.02,0.24198892158522603,
9.03,0.24212120532438944,
9.04,0.24225350081334696,
9.05,0.2423858079923525,
9.06,0.2425181268016193,
9.07,0.24265045718131864,
9.08,0.2427827990715808,
9.09,0.24291515241249484,
9.1,0.2430475171441082,
9.11,0.2431798932064273,
9.12,0.2433122805394175,
9.13,0.2434446790830026,
9.14,0.2435770887770659,
9.15,0.2437095095614492,
9.16,0.24384194137595344,
9.17,0.2439743841603384,
9.18,0.24410683785432294,
9.19,0.24423930239758534,
9.2,0.2443717777297625,
9.21,0.2445042637904507,
9.22,0.2446367605192056,
9.23,0.2447692678555415,
9.24,0.2449017857389328,
9.25,0.2450343141088128,
9.26,0.24516685290457374,
9.27,0.24529940206556816,
9.28,0.2454319615311072,
9.29,0.245564531240462,
9.3,0.24569711113286255,
9.31,0.2458297011474994,
9.32,0.245962301223522,
9.33,0.24609491130003905,
9.34,0.2462275313161199,
9.35,0.2463601612107931,
9.36,0.2464928009230465,
9.37,0.2466254503918285,
9.38,0.2467581095560469,
9.39,0.24689077835456935,
9.4,0.2470234567262237,
9.41,0.2471561446097974,
9.42,0.24728884194403786,
9.43,0.2474215486676529,
9.44,0.24755426471931,
9.45,0.2476869900376368,
9.46,0.24781972456122114,
9.47,0.2479524682286113,
9.48,0.2480852209783153,
9.49,0.2482179827488016,
9.5,0.24835075347849886,
9.51,0.24848353310579674,
9.52,0.2486163215690444,
9.53,0.24874911880655204,
9.54,0.2488819247565897,
9.55,0.2490147393573882,
9.56,0.24914756254713946,
9.57,0.2492803942639949,
9.58,0.2494132344460676,
9.59,0.24954608303143064,
9.6,0.2496789399581181,
9.61,0.2498118051641247,
9.62,0.24994467858740585,
9.63,0.2500775601658779,
9.64,0.25021044983741825,
9.65,0.2503433475398649,
9.66,0.25047625321101685,
9.67,0.250609166788634,
9.68,0.25074208821043803,
9.69,0.2508750174141108,
9.7,0.25100795433729545,
9.71,0.2511408989175968,
9.72,0.25127385109258016,
9.73,0.2514068107997725,
9.74,0.2515397779766622,
9.75,0.2516727525606984,
9.76,0.2518057344892922,
9.77,0.2519387236998161,
9.78,0.2520717201296033,
9.79,0.25220472371594954,
9.8,0.2523377343961113,
9.81,0.25247075210730696,
9.82,0.2526037767867167,
9.83,0.25273680837148194,
9.84,0.252869846798706,
9.85,0.2530028920054543,
9.86,0.2531359439287534,
9.87,0.25326900250559203,
9.88,0.2534020676729209,
9.89,0.2535351393676527,
9.9,0.25366821752666163,
9.91,0.2538013020867843,
9.92,0.25393439298481946,
9.93,0.25406749015752755,
9.94,0.25420059354163105,
9.95,0.2543337030738157,
9.96,0.2544668186907282,
9.97,0.254599940328978,
9.98,0.2547330679251369,
9.99,0.2548662014157393,
10.0,0.2549993407372812,
10.01,0.25513248582622217,
10.02,0.25526563661898344,
10.03,0.2553987930519491,
10.04,0.2555319550614654,
10.05,0.25566512258384155,
10.06,0.25579829555534994,
10.07,0.2559314739122248,
10.08,0.2560646575906637,
10.09,0.2561978465268259,
10.1,0.25633104065683543,
10.11,0.2564642399167776,
10.12,0.2565974442427015,
10.13,0.2567306535706181,
10.14,0.2568638678365032,
10.15,0.2569970869762943,
10.16,0.2571303109258921,
10.17,0.2572635396211606,
10.18,0.2573967729979279,
10.19,0.2575300109919837,
10.2,0.2576632535390821,
10.21,0.2577965005749405,
10.22,0.25792975203523955,
10.23,0.2580630078556225,
10.24,0.25819626797169765,
10.25,0.2583295323190356,
10.26,0.2584628008331709,
10.27,0.25859607344960195,
10.28,0.2587293501037901,
10.29,0.2588626307311612,
10.3,0.2589959152671045,
10.31,0.25912920364697306,
10.32,0.2592624958060836,
10.33,0.259395791679717,
10.34,0.2595290912031181,
10.35,0.2596623943114951,
10.36,0.2597957009400213,
10.37,0.25992901102383303,
10.38,0.2600623244980313,
10.39,0.2601956412976815,
10.4,0.2603289613578125,
10.41,0.2604622846134181,
10.42,0.2605956109994557,
10.43,0.26072894045084755,
10.44,0.2608622729024809,
10.45,0.2609956082892059,
10.46,0.2611289465458386,
10.47,0.2612622876071588,
10.48,0.261395631407911,
10.49,0.26152897788280466,
10.5,0.26166232696651404,
10.51,0.2617956785936771,
10.52,0.2619290326988973,
10.53,0.26206238921674363,
10.54,0.2621957480817487,
10.55,0.2623291092284103,
10.56,0.2624624725911921,
10.57,0.2625958381045216,
10.58,0.26272920570279235,
10.59,0.2628625753203619,
10.6,0.2629959468915539,
10.61,0.2631293203506567,
10.62,0.2632626956319245,
10.63,0.2633960726695761,
10.64,0.26352945139779616,
10.65,0.26366283175073424,
10.66,0.2637962136625057,
10.67,0.2639295970671913,
10.68,0.2640629818988372,
10.69,0.2641963680914557,
10.7,0.26432975557902405,
10.71,0.26446314429548545,
10.72,0.2645965341747491,
10.73,0.2647299251506893,
10.74,0.264863317157147,
10.75,0.2649967101279286,
10.76,0.2651301039968066,
10.77,0.2652634986975189,
10.78,0.2653968941637706,
10.79,0.26553029032923153,
10.8,0.2656636871275385,
10.81,0.26579708449229433,
10.82,0.26593048235706823,
10.83,0.2660638806553952,
10.84,0.2661972793207772,
10.85,0.2663306782866819,
10.86,0.2664640774865435,
10.87,0.2665974768537633,
10.88,0.2667308763217089,
10.89,0.26686427582371364,
10.9,0.26699767529307866,
10.91,0.26713107466307096,
10.92,0.26726447386692465,
10.93,0.26739787283784044,
10.94,0.2675312715089864,
10.95,0.2676646698134962,
10.96,0.2677980676844718,
10.97,0.26793146505498144,
10.98,0.2680648618580608,
10.99,0.26819825802671204,
